,full_name,star_count,language,topics,featured_topics,added_on,clone_url,last_modified
0,Snawoot_workua-cv-updater,3,python,"['cv', 'workflow-automation', 'web-automation', 'selenium-automation', 'web-auto', 'workua', 'workua-automation', 'cv-updater']",['Computervision'],2021-09-27 16:19:56.499875,https://github.com/Snawoot/workua-cv-updater.git,2021-09-27 16:19:56.499881
1,krax1337_bts-resumes,3,python,"['python', 'django', 'parsing', 'cv']","['Python', 'Django', 'Parsing', 'Computervision']",2021-09-27 16:20:04.804268,https://github.com/krax1337/bts-resumes.git,2021-09-27 16:20:04.804274
2,wangwenhaoxiaotie_Document_classify,3,python,"['cv', 'medical-receipt']",['Computervision'],2021-09-27 16:20:26.836244,https://github.com/wangwenhaoxiaotie/Document_classify.git,2021-09-27 16:20:26.836249
3,AimoreRRD_Reinforcement-Learning-Research,3,python,"['game', 'learning', 'research', 'reinforcement-learning', 'paper', 'planning', 'rl']","['Reinforcementlearning', 'Reinforcementlearning']",2021-09-27 16:20:49.836386,https://github.com/AimoreRRD/Reinforcement-Learning-Research.git,2021-09-27 16:20:49.836391
4,seolhokim_BipedalWalker-BranchingDQN,3,python,"['reinforcement-learning', 'q-learning', 'pytorch', 'dqn', 'rl', 'branching-dqn']","['Reinforcementlearning', 'Reinforcementlearning']",2021-09-27 16:20:58.412228,https://github.com/seolhokim/BipedalWalker-BranchingDQN.git,2021-09-27 16:20:58.412232
5,benibienz_TAMER,3,python,"['reinforcement-learning', 'rl']","['Reinforcementlearning', 'Reinforcementlearning']",2021-09-27 16:21:04.561668,https://github.com/benibienz/TAMER.git,2021-09-27 16:21:04.561673
6,codebasic_pyko,3,python,"['python', 'nlp', 'machine-learning', 'natural-language-processing', 'python3', 'korean-text-processing', 'korean-tokenizer', 'korean-nlp']","['Python', 'Naturallanguageprocessing', 'Machinelearning', 'Naturallanguageprocessing', 'Python']",2021-09-27 16:21:25.477992,https://github.com/codebasic/pyko.git,2021-09-27 16:21:25.477997
7,carrliitos_NLPInformationExtraction,3,python,"['nlp', 'text-extraction', 'information-extraction', 'text-preprocessing']",['Naturallanguageprocessing'],2021-09-27 16:21:36.040567,https://github.com/carrliitos/NLPInformationExtraction.git,2021-09-27 16:21:36.040571
8,pemagrg1_Japanese-NLP,3,python,"['python', 'nlp', 'japanese', 'japanese-nlp', 'easy-japanese', 'japanese-ner', 'japanese-text-similarity', 'japanese-preprocessing-text', 'japanese-pos']","['Python', 'Naturallanguageprocessing']",2021-09-27 16:21:55.110155,https://github.com/pemagrg1/Japanese-NLP.git,2021-09-27 16:21:55.110160
9,LehiChiang_CV_toolkit,3,python,"['toolkit', 'cv']",['Computervision'],2021-09-27 17:46:22.347674,https://github.com/LehiChiang/CV_toolkit.git,2021-09-27 17:46:22.347679
10,gaoyuanliang_cheque_detection,3,python,"['deep-learning', 'cv', 'xception-model', 'cheque', 'xception', 'image-tagg', 'bank-cheque', 'cheque-detection', 'cheque-images']","['Deeplearning', 'Computervision']",2021-09-27 17:46:40.433763,https://github.com/gaoyuanliang/cheque_detection.git,2021-09-27 17:46:40.433768
11,hackcha_deepcolor,2,python,"['cv', 'gan']",['Computervision'],2021-09-27 17:46:46.940723,https://github.com/hackcha/deepcolor.git,2021-09-27 17:46:46.940727
12,gitmirgut_bb_stitcher,2,python,"['computer-vision', 'cv', 'stitching', 'cv2']","['Computervision', 'Computervision']",2021-09-27 17:47:02.377327,https://github.com/gitmirgut/bb_stitcher.git,2021-09-27 17:47:02.377332
13,hklchung_GAN-GenerativeAdversarialNetwork,2,python,"['tensorflow', 'fake-images', 'cv', 'pytorch', 'gan', 'infogan', 'dcgan', 'image-generation', 'beginner', 'implementation', 'gans', 'from-scratch', 'image-translation', 'lsgan', 'cyclegan', 'cgan', 'gan-architectures']","['Tensorflow', 'Computervision']",2021-09-27 17:47:24.159883,https://github.com/hklchung/GAN-GenerativeAdversarialNetwork.git,2021-09-27 17:47:24.159887
14,Snawoot_rabotaua-cv-updater,2,python,"['cv', 'workflow-automation', 'web-automation', 'selenium-automation', 'web-auto', 'cv-updater', 'rabotaua', 'rabotaua-automation']",['Computervision'],2021-09-27 17:47:33.963575,https://github.com/Snawoot/rabotaua-cv-updater.git,2021-09-27 17:47:33.963580
15,gomahajan_rllib,3,python,"['openai-gym', 'rl', 'mujoco', 'a2c']",['Reinforcementlearning'],2021-09-27 17:47:47.922837,https://github.com/gomahajan/rllib.git,2021-09-27 17:47:47.922841
16,Adamantios_Atari-Skiing-RL,3,python,"['agent', 'reinforcement-learning', 'openai-gym', 'dqn', 'rl', 'atari-games']","['Reinforcementlearning', 'Reinforcementlearning']",2021-09-27 17:47:59.109784,https://github.com/Adamantios/Atari-Skiing-RL.git,2021-09-27 17:47:59.109788
17,nicehiro_puck-world,3,python,"['gym', 'rl', 'env', 'puckworld']",['Reinforcementlearning'],2021-09-27 17:48:18.776332,https://github.com/nicehiro/puck-world.git,2021-09-27 17:48:18.776337
18,CUN-bjy_gym-ddpg-keras,3,python,"['reinforcement-learning', 'keras', 'openai-gym', 'gym', 'rl', 'ddpg', 'per', 'roboschool', 'tensorflow2']","['Reinforcementlearning', 'Reinforcementlearning', 'Tensorflow']",2021-09-27 17:48:31.709437,https://github.com/CUN-bjy/gym-ddpg-keras.git,2021-09-27 17:48:31.709441
19,FixedThink_RocketCogs,2,python,"['red-discordbot', 'rl', 'discord-py', 'rocket-league', 'redbot', 'discord-py-rewrite', 'redbotv3']",['Reinforcementlearning'],2021-09-27 17:48:45.658768,https://github.com/FixedThink/RocketCogs.git,2021-09-27 17:48:45.658772
20,FLHonker_Self-Driving-Car-RL,2,python,"['car', 'driving', 'rl']",['Reinforcementlearning'],2021-09-27 17:48:58.573931,https://github.com/FLHonker/Self-Driving-Car-RL.git,2021-09-27 17:48:58.573935
21,naetherm_NLP,3,python,"['python', 'nlp', 'machine-learning', 'natural-language-processing', 'ocr', 'deep-learning', 'sentiment-analysis', 'tensorflow', 'chatbot', 'language-detection', 'text-generation', 'pytorch', 'question-answering', 'word-segmentation', 'language-model', 'spelling-correction', 'pos-tagging', 'entity-tagging']","['Python', 'Naturallanguageprocessing', 'Machinelearning', 'Naturallanguageprocessing', 'Deeplearning', 'Tensorflow']",2021-09-27 17:49:16.334574,https://github.com/naetherm/NLP.git,2021-09-27 17:49:16.334578
22,dhk3136_summarization-bert-vs-baseline,3,python,"['python', 'nlp', 'metrics', 'glue', 'jupyter-notebook', 'summarization', 'transfer-learning', 'pretrained-models', 'datasets', 'bert', 'nlp-summarization']","['Python', 'Naturallanguageprocessing', 'JupyterNotebook']",2021-09-27 17:50:05.519045,https://github.com/dhk3136/summarization-bert-vs-baseline.git,2021-09-27 17:50:05.519050
23,KBNLresearch_multiNER,3,python,"['nlp', 'natural-language-processing', 'pattern', 'spacy', 'named-entity-recognition', 'ner', 'stanford-corenlp-server', 'polygot']","['Naturallanguageprocessing', 'Naturallanguageprocessing']",2021-09-27 17:50:13.387287,https://github.com/KBNLresearch/multiNER.git,2021-09-27 17:50:13.387291
24,phamdinhha_end-to-end-qna,3,python,"['nlp', 'question-answering', 'nlp-machine-learning', 'bert']",['Naturallanguageprocessing'],2021-09-27 17:50:22.572888,https://github.com/phamdinhha/end-to-end-qna.git,2021-09-27 17:50:22.572893
25,iafisher_montague,3,python,"['nlp', 'formal-semantics']",['Naturallanguageprocessing'],2021-09-27 17:50:35.901950,https://github.com/iafisher/montague.git,2021-09-27 17:50:35.901954
26,pritomsaha_Context-sensitive-Bangla-spell-checker,3,python,"['nlp', 'spellcheck', 'word2vec', 'bangla']",['Naturallanguageprocessing'],2021-09-27 17:50:53.386911,https://github.com/pritomsaha/Context-sensitive-Bangla-spell-checker.git,2021-09-27 17:50:53.386915
